key,repoName,repoType,repoLanguage,lastUpdated,timeStamp
0,CapstoneFinal,Public,CSS,"Dec 1, 2021",2021-12-04T23:05:12.424279
1,CapstonePrototype,Public,TypeScript,"Oct 14, 2021",2021-12-04T23:05:12.424279
2,EOQ-Assignment-Supply-Chain,Public,JavaScript,"Sep 21, 2021",2021-12-04T23:05:12.424279
3,DevOPSMC,Public,PowerShell,"Sep 12, 2021",2021-12-04T23:05:12.424279
4,ThyLAW,Public,None Found,"Sep 12, 2021",2021-12-04T23:05:12.424279
5,Flask-Bank-Application,Public,HTML,"Sep 11, 2021",2021-12-04T23:05:12.424279
6,Spinninvest,Public,C#,"Sep 6, 2021",2021-12-04T23:05:12.424279
7,Anime-Database,Public,TSQL,"Sep 6, 2021",2021-12-04T23:05:12.424279
8,Graveyard-Locator-App,Public,Java,"Sep 6, 2021",2021-12-04T23:05:12.424279
9,myponggame,Public,C#,"Sep 6, 2021",2021-12-04T23:05:12.424279
10,Trappist-1,Public,C#,"Sep 6, 2021",2021-12-04T23:05:12.424279
11,Cyan-Light-Obsidian-Theme,Public,CSS,"Sep 3, 2021",2021-12-04T23:05:12.424279
12,React-Pet-Adoption-Project,Public,JavaScript,"Jul 20, 2021",2021-12-04T23:05:12.424279
13,ApacheCloudstackDocumentation,Public,None Found,"Apr 8, 2021",2021-12-04T23:05:12.424279
14,-Is-It-Worth-It-VR-Tutorial-Game-,Public,C#,"Mar 13, 2021",2021-12-04T23:05:12.424279
15,ShoppingList,Public,Kotlin,"Mar 13, 2021",2021-12-04T23:05:12.424279
16,GeoQuiz2021Challenge,Public,Java,"Feb 14, 2021",2021-12-04T23:05:12.424279
17,VRTKSimpleProject,Public,C#,"Nov 19, 2020",2021-12-04T23:05:12.424279
18,Cash-Spinner,Public,C#,"Oct 20, 2020",2021-12-04T23:05:12.424279
19,ApplePickerPrototype,Public,C#,"Sep 27, 2020",2021-12-04T23:05:12.424279
20,firstwebsite,Public,None Found,"Mar 30, 2020",2021-12-04T23:05:12.424279
